method,MAE,RMSE,KL,Spearman
Choquet (ours),0.09135907447970489,0.20356335176969054,0.736725467066154,0.7689149643931511
naive mean,0.09619968028118478,0.21719303252649932,0.7940330070232402,0.7673784553514739
reliability-wtd mean,0.09421450155782708,0.21300590151135687,0.7745686193567407,0.76851300130459
median,0.11330583658190332,0.2559855056426786,3.941601060623568,0.7682754712175095
