condition,full_MAE,full_KL,additive_MAE,additive_KL,MAE_gain_%,KL_gain_%
default,0.11758934072601698,1.0189106864613695,0.12030376866197809,1.0544477177032157,2.2563116402345913,3.370203249076441
redundant,0.12592021661730832,0.910353893583269,0.1300861020081422,0.9640539548348975,3.202406195992503,5.570234008409323
