condition,cov80,cov90
default,0.7988327983659177,0.8966442953020134
redundant_bloc,0.7939889115844763,0.8980449372629121
adversarial,0.7976,0.8988
high_noise,0.7970819959147942,0.8981032973446162
complementary,0.797432156405019,0.8946016924423694
heavy_bias,0.7978990370586518,0.8960606944849723
misspec_capacity,0.7988911584476218,0.8965275751386051
more_sources_m7,0.7914794280711993,0.8953020134228188
