m_sources,bloc_size,margin_MAE_pct
3,1,-0.10561451934355126
4,2,4.447905878296544
5,3,4.6055275321754685
6,4,0.6795640177653035
7,5,-3.4187349576800865
