m_sources,bloc_size,margin_MAE_pct
3,1,-0.7204659737714431
4,2,1.8843868003445503
5,3,2.311498176149652
6,4,0.1703122118238801
7,5,-2.044316263088731
