condition,beta,margin_MAE_pct
default,0.2,2.5582392524201842
default,0.35,4.956769609223672
default,0.5,4.4376659395320095
default,0.65,4.656633516246539
default,0.8,4.568611325090357
redundant_bloc,0.2,3.021645496546029
redundant_bloc,0.35,5.331229630787967
redundant_bloc,0.5,4.6055275321754685
redundant_bloc,0.65,4.91140314559416
redundant_bloc,0.8,4.788367279885584
