condition,beta,margin_MAE_pct
default,0.2,1.3430990532072873
default,0.35,2.492383056307642
default,0.5,2.2563116402345913
default,0.65,2.3568983181105136
default,0.8,2.3166526128258655
redundant_bloc,0.2,1.5117159110253757
redundant_bloc,0.35,2.673261868861777
redundant_bloc,0.5,2.311498176149652
redundant_bloc,0.65,2.4644637462210164
redundant_bloc,0.8,2.403006861789462
